matcher,protocol,factor,az,el,matches,correct,grid_err,success,runtime,terrain_id
sift,raw,A_identity,0,3,2,0,inf,False,0.118,synth01
sift,raw,B_affine,0,3,5,0,260.062,False,0.090,synth01
sift,stretch_2_98,A_identity,0,3,0,0,inf,False,0.101,synth01
sift,stretch_2_98,B_affine,0,3,1,0,inf,False,0.088,synth01
orb,raw,A_identity,0,3,515,0,202.745,False,2.710,synth01
orb,raw,B_affine,0,3,447,0,1458.864,False,0.034,synth01
orb,stretch_2_98,A_identity,0,3,646,0,330.700,False,0.076,synth01
orb,stretch_2_98,B_affine,0,3,610,0,355.717,False,0.059,synth01
loftr,raw,A_identity,0,3,89,14,1.393,False,5.160,synth01
loftr,raw,B_affine,0,3,65,1,68.041,False,4.887,synth01
loftr,stretch_2_98,A_identity,0,3,69,13,0.670,False,3.887,synth01
loftr,stretch_2_98,B_affine,0,3,67,1,64.504,False,3.043,synth01
superpoint-lightglue,raw,A_identity,0,3,6,2,15.344,False,9.897,synth01
superpoint-lightglue,raw,B_affine,0,3,14,2,85.099,False,9.593,synth01
superpoint-lightglue,stretch_2_98,A_identity,0,3,0,0,inf,False,10.848,synth01
superpoint-lightglue,stretch_2_98,B_affine,0,3,13,4,90.505,False,10.436,synth01
aliked-lightglue,raw,A_identity,0,3,1,0,inf,False,7.169,synth01
aliked-lightglue,raw,B_affine,0,3,0,0,inf,False,6.149,synth01
aliked-lightglue,stretch_2_98,A_identity,0,3,3,0,292.365,False,7.355,synth01
aliked-lightglue,stretch_2_98,B_affine,0,3,0,0,inf,False,8.050,synth01
minima,raw,A_identity,0,3,609,552,0.472,True,8.977,synth01
minima,raw,B_affine,0,3,522,387,1.300,True,7.863,synth01
minima,stretch_2_98,A_identity,0,3,559,414,1.254,True,8.211,synth01
minima,stretch_2_98,B_affine,0,3,533,371,1.392,True,8.285,synth01
sift,raw,A_identity,0,5,0,0,inf,False,0.108,synth01
sift,raw,B_affine,0,5,23,0,260.861,False,0.066,synth01
sift,stretch_2_98,A_identity,0,5,10,0,237.090,False,0.068,synth01
sift,stretch_2_98,B_affine,0,5,21,0,260.955,False,0.071,synth01
orb,raw,A_identity,0,5,577,0,385.531,False,0.060,synth01
orb,raw,B_affine,0,5,519,0,418.035,False,0.046,synth01
orb,stretch_2_98,A_identity,0,5,689,0,373.577,False,0.074,synth01
orb,stretch_2_98,B_affine,0,5,629,0,152.477,False,0.096,synth01
loftr,raw,A_identity,0,5,118,16,2.332,False,2.269,synth01
loftr,raw,B_affine,0,5,82,2,79.289,False,2.109,synth01
loftr,stretch_2_98,A_identity,0,5,103,13,5.653,False,2.349,synth01
loftr,stretch_2_98,B_affine,0,5,84,1,11.579,False,2.191,synth01
superpoint-lightglue,raw,A_identity,0,5,7,0,57.683,False,7.668,synth01
superpoint-lightglue,raw,B_affine,0,5,29,4,29.064,False,13.549,synth01
superpoint-lightglue,stretch_2_98,A_identity,0,5,4,0,65.766,False,16.533,synth01
superpoint-lightglue,stretch_2_98,B_affine,0,5,8,0,49.220,False,18.136,synth01
aliked-lightglue,raw,A_identity,0,5,0,0,inf,False,11.042,synth01
aliked-lightglue,raw,B_affine,0,5,1,0,inf,False,8.854,synth01
aliked-lightglue,stretch_2_98,A_identity,0,5,0,0,inf,False,4.251,synth01
aliked-lightglue,stretch_2_98,B_affine,0,5,0,0,inf,False,4.847,synth01
minima,raw,A_identity,0,5,588,519,0.640,True,7.646,synth01
minima,raw,B_affine,0,5,559,479,0.681,True,7.538,synth01
minima,stretch_2_98,A_identity,0,5,658,580,0.562,True,8.492,synth01
minima,stretch_2_98,B_affine,0,5,605,493,0.725,True,11.166,synth01
sift,raw,A_identity,0,10,2,0,inf,False,0.220,synth01
sift,raw,B_affine,0,10,8,0,253.065,False,0.087,synth01
sift,stretch_2_98,A_identity,0,10,4,0,1223.179,False,0.109,synth01
sift,stretch_2_98,B_affine,0,10,2,0,inf,False,0.093,synth01
orb,raw,A_identity,0,10,580,0,322.999,False,0.183,synth01
orb,raw,B_affine,0,10,547,0,226.922,False,0.232,synth01
orb,stretch_2_98,A_identity,0,10,686,0,794.846,False,0.161,synth01
orb,stretch_2_98,B_affine,0,10,620,0,288.912,False,0.124,synth01
loftr,raw,A_identity,0,10,210,59,0.696,True,6.894,synth01
loftr,raw,B_affine,0,10,158,10,4.795,False,6.431,synth01
loftr,stretch_2_98,A_identity,0,10,191,48,1.382,True,7.572,synth01
loftr,stretch_2_98,B_affine,0,10,156,11,3.833,False,6.840,synth01
superpoint-lightglue,raw,A_identity,0,10,212,93,1.206,True,17.306,synth01
superpoint-lightglue,raw,B_affine,0,10,308,125,2.829,True,14.951,synth01
superpoint-lightglue,stretch_2_98,A_identity,0,10,169,65,1.601,True,12.389,synth01
superpoint-lightglue,stretch_2_98,B_affine,0,10,261,80,3.998,False,8.192,synth01
aliked-lightglue,raw,A_identity,0,10,1,0,inf,False,4.489,synth01
aliked-lightglue,raw,B_affine,0,10,1,0,inf,False,4.558,synth01
aliked-lightglue,stretch_2_98,A_identity,0,10,1,0,inf,False,4.436,synth01
aliked-lightglue,stretch_2_98,B_affine,0,10,1,0,inf,False,4.269,synth01
minima,raw,A_identity,0,10,787,754,0.496,True,13.174,synth01
minima,raw,B_affine,0,10,730,678,0.672,True,14.450,synth01
minima,stretch_2_98,A_identity,0,10,764,711,0.515,True,14.750,synth01
minima,stretch_2_98,B_affine,0,10,717,639,0.770,True,13.741,synth01
sift,raw,A_identity,0,20,18,0,481.010,False,0.189,synth01
sift,raw,B_affine,0,20,18,0,240.625,False,0.084,synth01
sift,stretch_2_98,A_identity,0,20,15,0,260.734,False,0.086,synth01
sift,stretch_2_98,B_affine,0,20,17,0,411.574,False,0.079,synth01
orb,raw,A_identity,0,20,568,1,189.094,False,0.090,synth01
orb,raw,B_affine,0,20,511,0,252.288,False,0.071,synth01
orb,stretch_2_98,A_identity,0,20,580,1,368.677,False,0.173,synth01
orb,stretch_2_98,B_affine,0,20,528,1,267.547,False,0.105,synth01
loftr,raw,A_identity,0,20,406,153,1.090,True,7.111,synth01
loftr,raw,B_affine,0,20,312,17,6.063,False,7.134,synth01
loftr,stretch_2_98,A_identity,0,20,391,144,1.278,True,7.172,synth01
loftr,stretch_2_98,B_affine,0,20,301,15,6.118,False,3.112,synth01
superpoint-lightglue,raw,A_identity,0,20,458,268,1.513,True,8.023,synth01
superpoint-lightglue,raw,B_affine,0,20,388,173,2.112,True,15.574,synth01
superpoint-lightglue,stretch_2_98,A_identity,0,20,422,221,1.623,True,28.358,synth01
superpoint-lightglue,stretch_2_98,B_affine,0,20,429,204,2.884,True,24.786,synth01
aliked-lightglue,raw,A_identity,0,20,5,1,41.169,False,15.714,synth01
aliked-lightglue,raw,B_affine,0,20,4,1,112.647,False,15.450,synth01
aliked-lightglue,stretch_2_98,A_identity,0,20,5,1,40.981,False,14.816,synth01
aliked-lightglue,stretch_2_98,B_affine,0,20,2,1,inf,False,14.153,synth01
minima,raw,A_identity,0,20,832,812,0.402,True,24.182,synth01
minima,raw,B_affine,0,20,737,705,0.386,True,7.923,synth01
minima,stretch_2_98,A_identity,0,20,822,782,0.372,True,7.851,synth01
minima,stretch_2_98,B_affine,0,20,730,678,0.412,True,16.019,synth01
sift,raw,A_identity,0,30,28,0,271.835,False,0.317,synth01
sift,raw,B_affine,0,30,23,0,309.224,False,0.242,synth01
sift,stretch_2_98,A_identity,0,30,28,0,311.927,False,0.275,synth01
sift,stretch_2_98,B_affine,0,30,35,0,309.227,False,0.314,synth01
orb,raw,A_identity,0,30,533,0,252.779,False,0.140,synth01
orb,raw,B_affine,0,30,464,0,379.907,False,0.098,synth01
orb,stretch_2_98,A_identity,0,30,508,0,236.722,False,0.075,synth01
orb,stretch_2_98,B_affine,0,30,464,0,324.560,False,0.070,synth01
loftr,raw,A_identity,0,30,461,186,0.542,True,11.287,synth01
loftr,raw,B_affine,0,30,320,15,5.705,False,9.658,synth01
loftr,stretch_2_98,A_identity,0,30,460,183,1.101,True,2.454,synth01
loftr,stretch_2_98,B_affine,0,30,313,13,5.727,False,2.281,synth01
superpoint-lightglue,raw,A_identity,0,30,399,237,1.580,True,11.211,synth01
superpoint-lightglue,raw,B_affine,0,30,410,231,2.094,True,8.141,synth01
superpoint-lightglue,stretch_2_98,A_identity,0,30,446,253,1.639,True,17.501,synth01
superpoint-lightglue,stretch_2_98,B_affine,0,30,435,233,2.084,True,9.917,synth01
aliked-lightglue,raw,A_identity,0,30,25,2,38.075,False,5.073,synth01
aliked-lightglue,raw,B_affine,0,30,9,2,11.318,False,4.511,synth01
aliked-lightglue,stretch_2_98,A_identity,0,30,33,4,9.427,False,4.690,synth01
aliked-lightglue,stretch_2_98,B_affine,0,30,10,3,14.569,False,4.732,synth01
minima,raw,A_identity,0,30,860,840,0.249,True,8.149,synth01
minima,raw,B_affine,0,30,754,729,0.351,True,7.605,synth01
minima,stretch_2_98,A_identity,0,30,875,850,0.300,True,12.280,synth01
minima,stretch_2_98,B_affine,0,30,774,739,0.394,True,9.305,synth01
sift,raw,A_identity,0,45,24,0,269.395,False,0.104,synth01
sift,raw,B_affine,0,45,23,0,330.316,False,0.102,synth01
sift,stretch_2_98,A_identity,0,45,21,0,235.803,False,0.098,synth01
sift,stretch_2_98,B_affine,0,45,22,0,465.538,False,0.099,synth01
orb,raw,A_identity,0,45,476,0,323.183,False,0.026,synth01
orb,raw,B_affine,0,45,412,0,378.636,False,0.025,synth01
orb,stretch_2_98,A_identity,0,45,464,1,215.981,False,0.024,synth01
orb,stretch_2_98,B_affine,0,45,430,1,305.680,False,0.020,synth01
loftr,raw,A_identity,0,45,419,194,0.822,True,2.247,synth01
loftr,raw,B_affine,0,45,228,9,4.771,False,2.239,synth01
loftr,stretch_2_98,A_identity,0,45,410,183,0.904,True,2.981,synth01
loftr,stretch_2_98,B_affine,0,45,229,9,3.754,False,2.212,synth01
superpoint-lightglue,raw,A_identity,0,45,433,287,1.585,True,7.402,synth01
superpoint-lightglue,raw,B_affine,0,45,471,321,1.692,True,7.551,synth01
superpoint-lightglue,stretch_2_98,A_identity,0,45,407,272,1.576,True,7.781,synth01
superpoint-lightglue,stretch_2_98,B_affine,0,45,445,290,1.728,True,7.653,synth01
aliked-lightglue,raw,A_identity,0,45,0,0,inf,False,4.902,synth01
aliked-lightglue,raw,B_affine,0,45,1,0,inf,False,4.838,synth01
aliked-lightglue,stretch_2_98,A_identity,0,45,0,0,inf,False,4.613,synth01
aliked-lightglue,stretch_2_98,B_affine,0,45,0,0,inf,False,5.420,synth01
minima,raw,A_identity,0,45,866,848,0.487,True,7.632,synth01
minima,raw,B_affine,0,45,773,752,0.564,True,8.040,synth01
minima,stretch_2_98,A_identity,0,45,872,851,0.481,True,8.391,synth01
minima,stretch_2_98,B_affine,0,45,772,752,0.535,True,8.063,synth01
sift,raw,A_identity,0,60,14,0,237.776,False,0.061,synth01
sift,raw,B_affine,0,60,8,0,363.092,False,0.065,synth01
sift,stretch_2_98,A_identity,0,60,7,0,144.780,False,0.065,synth01
sift,stretch_2_98,B_affine,0,60,6,0,301.799,False,0.067,synth01
orb,raw,A_identity,0,60,329,0,297.910,False,0.021,synth01
orb,raw,B_affine,0,60,287,0,314.738,False,0.021,synth01
orb,stretch_2_98,A_identity,0,60,596,0,260.242,False,0.045,synth01
orb,stretch_2_98,B_affine,0,60,533,0,276.566,False,0.035,synth01
loftr,raw,A_identity,0,60,287,136,1.072,True,2.341,synth01
loftr,raw,B_affine,0,60,172,12,5.284,False,2.176,synth01
loftr,stretch_2_98,A_identity,0,60,428,167,1.113,True,2.903,synth01
loftr,stretch_2_98,B_affine,0,60,262,12,4.740,False,3.206,synth01
superpoint-lightglue,raw,A_identity,0,60,377,242,1.768,True,8.034,synth01
superpoint-lightglue,raw,B_affine,0,60,358,206,2.049,True,7.209,synth01
superpoint-lightglue,stretch_2_98,A_identity,0,60,442,236,1.104,True,7.994,synth01
superpoint-lightglue,stretch_2_98,B_affine,0,60,376,195,1.141,True,7.767,synth01
aliked-lightglue,raw,A_identity,0,60,0,0,inf,False,4.853,synth01
aliked-lightglue,raw,B_affine,0,60,2,0,inf,False,4.328,synth01
aliked-lightglue,stretch_2_98,A_identity,0,60,1,0,inf,False,4.419,synth01
aliked-lightglue,stretch_2_98,B_affine,0,60,1,0,inf,False,4.416,synth01
minima,raw,A_identity,0,60,833,821,0.399,True,7.871,synth01
