matcher,protocol,factor,delta_az,abs_az,el,matches,correct,grid_err,success,ncc_vs_ref,runtime,terrain_id,timestamp
sift,raw,A_identity,0,270,10,60,55,0.2041,True,0.558803,0.119,synth01,2026-09-22T19:41:13.771677+00:00
sift,raw,B_affine,0,270,10,44,42,0.3912,True,0.558803,0.108,synth01,2026-09-22T19:41:13.927146+00:00
sift,stretch_2_98,A_identity,0,270,10,72,70,0.0931,True,0.558803,0.109,synth01,2026-09-22T19:41:14.093504+00:00
sift,stretch_2_98,B_affine,0,270,10,44,43,0.1703,True,0.558803,0.112,synth01,2026-09-22T19:41:14.248415+00:00
orb,raw,A_identity,0,270,10,640,114,0.0000,True,0.558803,2.742,synth01,2026-09-22T19:41:17.037241+00:00
orb,raw,B_affine,0,270,10,565,83,2.4320,True,0.558803,0.054,synth01,2026-09-22T19:41:17.140561+00:00
orb,stretch_2_98,A_identity,0,270,10,751,129,0.0008,True,0.558803,0.089,synth01,2026-09-22T19:41:17.287956+00:00
orb,stretch_2_98,B_affine,0,270,10,651,84,1.8646,True,0.558803,0.077,synth01,2026-09-22T19:41:17.410788+00:00
loftr,raw,A_identity,0,270,10,2967,2948,0.1186,True,0.558803,9.412,synth01,2026-09-22T19:41:26.882543+00:00
loftr,raw,B_affine,0,270,10,2235,2157,0.2243,True,0.558803,13.250,synth01,2026-09-22T19:41:40.250779+00:00
loftr,stretch_2_98,A_identity,0,270,10,2952,2931,0.1219,True,0.558803,18.702,synth01,2026-09-22T19:41:59.093605+00:00
loftr,stretch_2_98,B_affine,0,270,10,2187,2107,0.2267,True,0.558803,12.576,synth01,2026-09-22T19:42:11.780001+00:00
superpoint-lightglue,raw,A_identity,0,270,10,1018,1012,0.1478,True,0.558803,23.623,synth01,2026-09-22T19:42:35.516556+00:00
superpoint-lightglue,raw,B_affine,0,270,10,916,909,0.1684,True,0.558803,35.090,synth01,2026-09-22T19:43:10.681139+00:00
superpoint-lightglue,stretch_2_98,A_identity,0,270,10,1067,1057,0.0740,True,0.558803,17.759,synth01,2026-09-22T19:43:28.572762+00:00
superpoint-lightglue,stretch_2_98,B_affine,0,270,10,964,954,0.1352,True,0.558803,13.831,synth01,2026-09-22T19:43:42.467735+00:00
aliked-lightglue,raw,A_identity,0,270,10,420,383,0.3249,True,0.558803,8.589,synth01,2026-09-22T19:43:51.123193+00:00
aliked-lightglue,raw,B_affine,0,270,10,354,299,0.5104,True,0.558803,5.800,synth01,2026-09-22T19:43:56.979286+00:00
aliked-lightglue,stretch_2_98,A_identity,0,270,10,420,374,0.4346,True,0.558803,8.470,synth01,2026-09-22T19:44:05.502009+00:00
aliked-lightglue,stretch_2_98,B_affine,0,270,10,302,247,0.5050,True,0.558803,6.097,synth01,2026-09-22T19:44:11.643682+00:00
minima,raw,A_identity,0,270,10,1023,1014,0.1820,True,0.558803,8.989,synth01,2026-09-22T19:44:20.680213+00:00
minima,raw,B_affine,0,270,10,922,912,0.1846,True,0.558803,9.132,synth01,2026-09-22T19:44:29.873595+00:00
minima,stretch_2_98,A_identity,0,270,10,1081,1073,0.1936,True,0.558803,8.919,synth01,2026-09-22T19:44:38.843862+00:00
minima,stretch_2_98,B_affine,0,270,10,959,948,0.1643,True,0.558803,8.999,synth01,2026-09-22T19:44:47.895059+00:00
sift,raw,A_identity,0,270,40,318,318,0.0000,True,1.000000,0.120,synth01,2026-09-22T19:44:48.103170+00:00
sift,raw,B_affine,0,270,40,196,183,0.0648,True,1.000000,0.080,synth01,2026-09-22T19:44:48.223705+00:00
sift,stretch_2_98,A_identity,0,270,40,335,335,0.0000,True,1.000000,0.078,synth01,2026-09-22T19:44:48.353349+00:00
sift,stretch_2_98,B_affine,0,270,40,200,189,0.0858,True,1.000000,0.079,synth01,2026-09-22T19:44:48.473331+00:00
orb,raw,A_identity,0,270,40,2080,2080,0.0000,True,1.000000,0.031,synth01,2026-09-22T19:44:48.545455+00:00
orb,raw,B_affine,0,270,40,945,810,0.1486,True,1.000000,0.024,synth01,2026-09-22T19:44:48.610263+00:00
orb,stretch_2_98,A_identity,0,270,40,2069,2069,0.0000,True,1.000000,0.025,synth01,2026-09-22T19:44:48.686119+00:00
orb,stretch_2_98,B_affine,0,270,40,939,798,0.1474,True,1.000000,0.024,synth01,2026-09-22T19:44:48.750500+00:00
loftr,raw,A_identity,0,270,40,3600,3600,0.0239,True,1.000000,3.651,synth01,2026-09-22T19:44:52.444138+00:00
loftr,raw,B_affine,0,270,40,2970,2968,0.0626,True,1.000000,3.735,synth01,2026-09-22T19:44:56.239245+00:00
loftr,stretch_2_98,A_identity,0,270,40,3600,3600,0.0240,True,1.000000,3.553,synth01,2026-09-22T19:44:59.869085+00:00
loftr,stretch_2_98,B_affine,0,270,40,2969,2968,0.0611,True,1.000000,4.348,synth01,2026-09-22T19:45:04.272760+00:00
superpoint-lightglue,raw,A_identity,0,270,40,1871,1871,0.0000,True,1.000000,9.831,synth01,2026-09-22T19:45:14.172013+00:00
superpoint-lightglue,raw,B_affine,0,270,40,1283,1282,0.0659,True,1.000000,11.022,synth01,2026-09-22T19:45:25.257619+00:00
superpoint-lightglue,stretch_2_98,A_identity,0,270,40,1988,1988,0.0000,True,1.000000,9.873,synth01,2026-09-22T19:45:35.180257+00:00
superpoint-lightglue,stretch_2_98,B_affine,0,270,40,1334,1331,0.0399,True,1.000000,8.651,synth01,2026-09-22T19:45:43.879539+00:00
aliked-lightglue,raw,A_identity,0,270,40,829,829,0.0000,True,1.000000,5.266,synth01,2026-09-22T19:45:49.185645+00:00
aliked-lightglue,raw,B_affine,0,270,40,620,619,0.0345,True,1.000000,4.686,synth01,2026-09-22T19:45:53.918776+00:00
aliked-lightglue,stretch_2_98,A_identity,0,270,40,817,817,0.0000,True,1.000000,5.050,synth01,2026-09-22T19:45:59.032282+00:00
aliked-lightglue,stretch_2_98,B_affine,0,270,40,605,604,0.0325,True,1.000000,5.152,synth01,2026-09-22T19:46:04.232975+00:00
minima,raw,A_identity,0,270,40,1868,1868,0.0000,True,1.000000,6.999,synth01,2026-09-22T19:46:11.284096+00:00
minima,raw,B_affine,0,270,40,1280,1273,0.0797,True,1.000000,5.770,synth01,2026-09-22T19:46:17.091890+00:00
minima,stretch_2_98,A_identity,0,270,40,1983,1983,0.0000,True,1.000000,6.819,synth01,2026-09-22T19:46:23.969151+00:00
minima,stretch_2_98,B_affine,0,270,40,1333,1323,0.0616,True,1.000000,6.684,synth01,2026-09-22T19:46:30.697259+00:00
sift,raw,A_identity,45,315,10,6,0,inf,False,0.405117,0.089,synth01,2026-09-22T19:46:30.840611+00:00
sift,raw,B_affine,45,315,10,2,0,inf,False,0.405117,0.067,synth01,2026-09-22T19:46:30.946561+00:00
sift,stretch_2_98,A_identity,45,315,10,3,0,inf,False,0.405117,0.071,synth01,2026-09-22T19:46:31.050624+00:00
sift,stretch_2_98,B_affine,45,315,10,3,0,inf,False,0.405117,0.072,synth01,2026-09-22T19:46:31.147771+00:00
orb,raw,A_identity,45,315,10,596,5,199.2753,False,0.405117,0.045,synth01,2026-09-22T19:46:31.221164+00:00
orb,raw,B_affine,45,315,10,525,2,207.1921,False,0.405117,0.038,synth01,2026-09-22T19:46:31.289059+00:00
orb,stretch_2_98,A_identity,45,315,10,644,5,181.6500,False,0.405117,0.052,synth01,2026-09-22T19:46:31.379396+00:00
orb,stretch_2_98,B_affine,45,315,10,594,3,293.8230,False,0.405117,0.043,synth01,2026-09-22T19:46:31.452490+00:00
loftr,raw,A_identity,45,315,10,407,318,0.2215,True,0.405117,2.239,synth01,2026-09-22T19:46:33.717790+00:00
loftr,raw,B_affine,45,315,10,237,58,2.2920,True,0.405117,2.261,synth01,2026-09-22T19:46:36.008641+00:00
loftr,stretch_2_98,A_identity,45,315,10,411,322,0.1903,True,0.405117,2.317,synth01,2026-09-22T19:46:38.366175+00:00
loftr,stretch_2_98,B_affine,45,315,10,233,55,1.4575,True,0.405117,2.243,synth01,2026-09-22T19:46:40.636163+00:00
superpoint-lightglue,raw,A_identity,45,315,10,584,445,0.3851,True,0.405117,8.181,synth01,2026-09-22T19:46:48.845702+00:00
superpoint-lightglue,raw,B_affine,45,315,10,293,188,0.2806,True,0.405117,7.969,synth01,2026-09-22T19:46:56.849310+00:00
superpoint-lightglue,stretch_2_98,A_identity,45,315,10,516,399,0.2768,True,0.405117,8.005,synth01,2026-09-22T19:47:04.905292+00:00
superpoint-lightglue,stretch_2_98,B_affine,45,315,10,361,236,0.4858,True,0.405117,7.959,synth01,2026-09-22T19:47:12.892076+00:00
aliked-lightglue,raw,A_identity,45,315,10,0,0,inf,False,0.405117,4.761,synth01,2026-09-22T19:47:17.680796+00:00
aliked-lightglue,raw,B_affine,45,315,10,0,0,inf,False,0.405117,4.215,synth01,2026-09-22T19:47:21.937555+00:00
aliked-lightglue,stretch_2_98,A_identity,45,315,10,0,0,inf,False,0.405117,4.638,synth01,2026-09-22T19:47:26.615082+00:00
aliked-lightglue,stretch_2_98,B_affine,45,315,10,0,0,inf,False,0.405117,4.523,synth01,2026-09-22T19:47:31.165655+00:00
minima,raw,A_identity,45,315,10,782,737,0.5416,True,0.405117,8.077,synth01,2026-09-22T19:47:39.284714+00:00
minima,raw,B_affine,45,315,10,704,640,0.6999,True,0.405117,7.898,synth01,2026-09-22T19:47:47.224062+00:00
minima,stretch_2_98,A_identity,45,315,10,752,709,0.5050,True,0.405117,7.618,synth01,2026-09-22T19:47:54.878629+00:00
minima,stretch_2_98,B_affine,45,315,10,694,632,0.4985,True,0.405117,11.310,synth01,2026-09-22T19:48:06.228032+00:00
sift,raw,A_identity,45,315,40,27,1,747.1321,False,0.635082,0.080,synth01,2026-09-22T19:48:06.383083+00:00
sift,raw,B_affine,45,315,40,16,0,inf,False,0.635082,0.087,synth01,2026-09-22T19:48:06.589541+00:00
sift,stretch_2_98,A_identity,45,315,40,25,1,191.2614,False,0.635082,0.072,synth01,2026-09-22T19:48:06.712494+00:00
sift,stretch_2_98,B_affine,45,315,40,16,0,inf,False,0.635082,0.073,synth01,2026-09-22T19:48:06.822543+00:00
orb,raw,A_identity,45,315,40,560,27,inf,False,0.635082,0.040,synth01,2026-09-22T19:48:06.903410+00:00
orb,raw,B_affine,45,315,40,530,13,210.0248,False,0.635082,0.035,synth01,2026-09-22T19:48:06.978746+00:00
orb,stretch_2_98,A_identity,45,315,40,548,27,216.3180,False,0.635082,0.045,synth01,2026-09-22T19:48:07.076594+00:00
orb,stretch_2_98,B_affine,45,315,40,507,14,201.6047,False,0.635082,0.039,synth01,2026-09-22T19:48:07.155723+00:00
loftr,raw,A_identity,45,315,40,2205,2080,0.0762,True,0.635082,7.048,synth01,2026-09-22T19:48:14.243608+00:00
loftr,raw,B_affine,45,315,40,1153,712,0.4912,True,0.635082,5.587,synth01,2026-09-22T19:48:19.898643+00:00
loftr,stretch_2_98,A_identity,45,315,40,2220,2095,0.0756,True,0.635082,7.023,synth01,2026-09-22T19:48:27.050828+00:00
loftr,stretch_2_98,B_affine,45,315,40,1124,695,0.4742,True,0.635082,6.237,synth01,2026-09-22T19:48:33.389778+00:00
superpoint-lightglue,raw,A_identity,45,315,40,794,749,0.2618,True,0.635082,12.445,synth01,2026-09-22T19:48:45.965208+00:00
superpoint-lightglue,raw,B_affine,45,315,40,529,455,0.4674,True,0.635082,14.589,synth01,2026-09-22T19:49:00.602302+00:00
superpoint-lightglue,stretch_2_98,A_identity,45,315,40,848,795,0.1962,True,0.635082,17.287,synth01,2026-09-22T19:49:17.975206+00:00
superpoint-lightglue,stretch_2_98,B_affine,45,315,40,517,430,0.4219,True,0.635082,13.180,synth01,2026-09-22T19:49:31.200339+00:00
aliked-lightglue,raw,A_identity,45,315,40,2,0,inf,False,0.635082,10.285,synth01,2026-09-22T19:49:41.528568+00:00
aliked-lightglue,raw,B_affine,45,315,40,0,0,inf,False,0.635082,8.012,synth01,2026-09-22T19:49:49.671475+00:00
aliked-lightglue,stretch_2_98,A_identity,45,315,40,2,0,inf,False,0.635082,9.348,synth01,2026-09-22T19:49:59.123284+00:00
aliked-lightglue,stretch_2_98,B_affine,45,315,40,0,0,inf,False,0.635082,8.496,synth01,2026-09-22T19:50:07.688865+00:00
minima,raw,A_identity,45,315,40,959,952,0.2402,True,0.635082,12.910,synth01,2026-09-22T19:50:20.643561+00:00
minima,raw,B_affine,45,315,40,817,806,0.3574,True,0.635082,14.199,synth01,2026-09-22T19:50:34.890768+00:00
minima,stretch_2_98,A_identity,45,315,40,976,966,0.2599,True,0.635082,11.414,synth01,2026-09-22T19:50:46.364514+00:00
minima,stretch_2_98,B_affine,45,315,40,824,813,0.3391,True,0.635082,15.044,synth01,2026-09-22T19:51:01.514986+00:00
sift,raw,A_identity,90,0,10,2,0,inf,False,0.039134,0.140,synth01,2026-09-22T19:51:01.725553+00:00
sift,raw,B_affine,90,0,10,8,0,inf,False,0.039134,0.094,synth01,2026-09-22T19:51:01.902801+00:00
sift,stretch_2_98,A_identity,90,0,10,4,0,inf,False,0.039134,0.085,synth01,2026-09-22T19:51:02.027593+00:00
sift,stretch_2_98,B_affine,90,0,10,2,0,inf,False,0.039134,0.183,synth01,2026-09-22T19:51:02.241933+00:00
orb,raw,A_identity,90,0,10,580,0,322.9985,False,0.039134,0.112,synth01,2026-09-22T19:51:02.396481+00:00
orb,raw,B_affine,90,0,10,547,0,inf,False,0.039134,0.213,synth01,2026-09-22T19:51:02.651014+00:00
orb,stretch_2_98,A_identity,90,0,10,686,0,794.8459,False,0.039134,0.229,synth01,2026-09-22T19:51:02.928348+00:00
orb,stretch_2_98,B_affine,90,0,10,620,0,288.9121,False,0.039134,0.115,synth01,2026-09-22T19:51:03.082942+00:00
loftr,raw,A_identity,90,0,10,210,59,0.6955,True,0.039134,18.336,synth01,2026-09-22T19:51:21.452272+00:00
loftr,raw,B_affine,90,0,10,158,10,4.7949,False,0.039134,2.698,synth01,2026-09-22T19:51:24.182031+00:00
loftr,stretch_2_98,A_identity,90,0,10,191,48,1.3822,True,0.039134,3.333,synth01,2026-09-22T19:51:27.548656+00:00
loftr,stretch_2_98,B_affine,90,0,10,156,11,3.8326,False,0.039134,2.468,synth01,2026-09-22T19:51:30.055750+00:00
superpoint-lightglue,raw,A_identity,90,0,10,212,93,1.2061,True,0.039134,8.039,synth01,2026-09-22T19:51:38.130601+00:00
superpoint-lightglue,raw,B_affine,90,0,10,308,125,2.8291,True,0.039134,22.752,synth01,2026-09-22T19:52:00.918549+00:00
superpoint-lightglue,stretch_2_98,A_identity,90,0,10,169,65,1.6011,True,0.039134,13.835,synth01,2026-09-22T19:52:14.804797+00:00
superpoint-lightglue,stretch_2_98,B_affine,90,0,10,261,80,3.9982,False,0.039134,17.787,synth01,2026-09-22T19:52:32.626914+00:00
aliked-lightglue,raw,A_identity,90,0,10,1,0,inf,False,0.039134,8.762,synth01,2026-09-22T19:52:41.414439+00:00
aliked-lightglue,raw,B_affine,90,0,10,1,0,inf,False,0.039134,10.180,synth01,2026-09-22T19:52:51.630520+00:00
aliked-lightglue,stretch_2_98,A_identity,90,0,10,1,0,inf,False,0.039134,4.785,synth01,2026-09-22T19:52:56.452704+00:00
aliked-lightglue,stretch_2_98,B_affine,90,0,10,1,0,inf,False,0.039134,5.674,synth01,2026-09-22T19:53:02.157281+00:00
minima,raw,A_identity,90,0,10,787,754,0.4964,True,0.039134,10.405,synth01,2026-09-22T19:53:12.605408+00:00
minima,raw,B_affine,90,0,10,730,678,0.6722,True,0.039134,9.043,synth01,2026-09-22T19:53:21.692692+00:00
minima,stretch_2_98,A_identity,90,0,10,764,711,0.5154,True,0.039134,9.152,synth01,2026-09-22T19:53:30.897337+00:00
minima,stretch_2_98,B_affine,90,0,10,717,639,0.7699,True,0.039134,9.111,synth01,2026-09-22T19:53:40.040984+00:00
sift,raw,A_identity,90,0,40,29,0,276.2426,False,0.121841,0.085,synth01,2026-09-22T19:53:40.196488+00:00
sift,raw,B_affine,90,0,40,34,0,inf,False,0.121841,0.060,synth01,2026-09-22T19:53:40.294646+00:00
sift,stretch_2_98,A_identity,90,0,40,30,0,364.8580,False,0.121841,0.063,synth01,2026-09-22T19:53:40.398648+00:00
sift,stretch_2_98,B_affine,90,0,40,33,0,630.9885,False,0.121841,0.061,synth01,2026-09-22T19:53:40.492519+00:00
orb,raw,A_identity,90,0,40,494,0,291.0494,False,0.121841,0.031,synth01,2026-09-22T19:53:40.556860+00:00
orb,raw,B_affine,90,0,40,464,0,373.3139,False,0.121841,0.025,synth01,2026-09-22T19:53:40.615011+00:00
orb,stretch_2_98,A_identity,90,0,40,500,0,262.5985,False,0.121841,0.026,synth01,2026-09-22T19:53:40.683302+00:00
orb,stretch_2_98,B_affine,90,0,40,473,1,298.1157,False,0.121841,0.023,synth01,2026-09-22T19:53:40.739353+00:00
loftr,raw,A_identity,90,0,40,455,217,0.9122,True,0.121841,2.843,synth01,2026-09-22T19:53:43.616119+00:00
loftr,raw,B_affine,90,0,40,268,10,6.6910,False,0.121841,3.217,synth01,2026-09-22T19:53:46.876822+00:00
loftr,stretch_2_98,A_identity,90,0,40,443,206,0.8395,True,0.121841,2.453,synth01,2026-09-22T19:53:49.385616+00:00
loftr,stretch_2_98,B_affine,90,0,40,260,11,6.5882,False,0.121841,2.392,synth01,2026-09-22T19:53:51.811923+00:00
superpoint-lightglue,raw,A_identity,90,0,40,461,298,1.6896,True,0.121841,7.583,synth01,2026-09-22T19:53:59.436228+00:00
superpoint-lightglue,raw,B_affine,90,0,40,454,264,2.1269,True,0.121841,7.275,synth01,2026-09-22T19:54:06.765313+00:00
superpoint-lightglue,stretch_2_98,A_identity,90,0,40,458,301,1.6189,True,0.121841,20.674,synth01,2026-09-22T19:54:27.508591+00:00
superpoint-lightglue,stretch_2_98,B_affine,90,0,40,422,250,2.0899,True,0.121841,13.942,synth01,2026-09-22T19:54:41.500638+00:00
aliked-lightglue,raw,A_identity,90,0,40,7,0,inf,False,0.121841,8.237,synth01,2026-09-22T19:54:49.777083+00:00
aliked-lightglue,raw,B_affine,90,0,40,25,5,11.3095,False,0.121841,7.976,synth01,2026-09-22T19:54:57.797534+00:00
aliked-lightglue,stretch_2_98,A_identity,90,0,40,7,0,inf,False,0.121841,7.634,synth01,2026-09-22T19:55:05.485146+00:00
aliked-lightglue,stretch_2_98,B_affine,90,0,40,21,5,71.0778,False,0.121841,7.652,synth01,2026-09-22T19:55:13.182288+00:00
minima,raw,A_identity,90,0,40,864,849,0.3432,True,0.121841,15.242,synth01,2026-09-22T19:55:28.464847+00:00
minima,raw,B_affine,90,0,40,772,750,0.5840,True,0.121841,13.064,synth01,2026-09-22T19:55:41.573020+00:00
minima,stretch_2_98,A_identity,90,0,40,876,858,0.3807,True,0.121841,15.510,synth01,2026-09-22T19:55:57.205268+00:00
minima,stretch_2_98,B_affine,90,0,40,773,754,0.5961,True,0.121841,13.522,synth01,2026-09-22T19:56:10.871650+00:00
sift,raw,A_identity,135,45,10,3,0,inf,False,-0.393198,0.105,synth01,2026-09-22T19:56:11.094369+00:00
sift,raw,B_affine,135,45,10,3,0,inf,False,-0.393198,0.084,synth01,2026-09-22T19:56:11.208477+00:00
sift,stretch_2_98,A_identity,135,45,10,6,0,inf,False,-0.393198,0.084,synth01,2026-09-22T19:56:11.333161+00:00
sift,stretch_2_98,B_affine,135,45,10,7,0,inf,False,-0.393198,0.109,synth01,2026-09-22T19:56:11.533974+00:00
orb,raw,A_identity,135,45,10,586,0,311.5667,False,-0.393198,0.095,synth01,2026-09-22T19:56:11.667392+00:00
orb,raw,B_affine,135,45,10,519,0,359.5810,False,-0.393198,0.131,synth01,2026-09-22T19:56:11.894133+00:00
orb,stretch_2_98,A_identity,135,45,10,652,0,486.4271,False,-0.393198,0.260,synth01,2026-09-22T19:56:12.205885+00:00
orb,stretch_2_98,B_affine,135,45,10,612,0,inf,False,-0.393198,0.193,synth01,2026-09-22T19:56:12.436366+00:00
loftr,raw,A_identity,135,45,10,142,7,8.0294,False,-0.393198,8.875,synth01,2026-09-22T19:56:21.361761+00:00
loftr,raw,B_affine,135,45,10,133,0,9.9090,False,-0.393198,8.548,synth01,2026-09-22T19:56:29.956551+00:00
loftr,stretch_2_98,A_identity,135,45,10,147,5,7.0344,False,-0.393198,8.569,synth01,2026-09-22T19:56:38.663171+00:00
loftr,stretch_2_98,B_affine,135,45,10,128,0,10.8077,False,-0.393198,7.784,synth01,2026-09-22T19:56:46.536800+00:00
superpoint-lightglue,raw,A_identity,135,45,10,172,56,3.0056,False,-0.393198,17.901,synth01,2026-09-22T19:57:04.475634+00:00
superpoint-lightglue,raw,B_affine,135,45,10,189,67,1.8304,True,-0.393198,34.761,synth01,2026-09-22T19:57:39.361034+00:00
superpoint-lightglue,stretch_2_98,A_identity,135,45,10,205,57,1.0042,True,-0.393198,18.613,synth01,2026-09-22T19:57:58.025216+00:00
superpoint-lightglue,stretch_2_98,B_affine,135,45,10,249,70,0.9727,True,-0.393198,14.665,synth01,2026-09-22T19:58:12.728493+00:00
aliked-lightglue,raw,A_identity,135,45,10,0,0,inf,False,-0.393198,9.222,synth01,2026-09-22T19:58:21.985572+00:00
aliked-lightglue,raw,B_affine,135,45,10,0,0,inf,False,-0.393198,7.813,synth01,2026-09-22T19:58:29.835346+00:00
aliked-lightglue,stretch_2_98,A_identity,135,45,10,1,0,inf,False,-0.393198,9.022,synth01,2026-09-22T19:58:38.920458+00:00
aliked-lightglue,stretch_2_98,B_affine,135,45,10,0,0,inf,False,-0.393198,7.868,synth01,2026-09-22T19:58:46.828623+00:00
minima,raw,A_identity,135,45,10,814,797,0.3172,True,-0.393198,13.183,synth01,2026-09-22T19:59:00.055767+00:00
minima,raw,B_affine,135,45,10,745,721,0.2833,True,-0.393198,13.303,synth01,2026-09-22T19:59:13.399100+00:00
minima,stretch_2_98,A_identity,135,45,10,819,795,0.2382,True,-0.393198,12.908,synth01,2026-09-22T19:59:26.408154+00:00
minima,stretch_2_98,B_affine,135,45,10,758,709,0.3628,True,-0.393198,13.259,synth01,2026-09-22T19:59:39.706910+00:00
sift,raw,A_identity,135,45,40,30,0,888.0803,False,-0.339122,0.142,synth01,2026-09-22T19:59:39.925437+00:00
sift,raw,B_affine,135,45,40,19,0,inf,False,-0.339122,0.078,synth01,2026-09-22T19:59:40.043502+00:00
sift,stretch_2_98,A_identity,135,45,40,26,0,inf,False,-0.339122,0.082,synth01,2026-09-22T19:59:40.175671+00:00
sift,stretch_2_98,B_affine,135,45,40,17,0,inf,False,-0.339122,0.072,synth01,2026-09-22T19:59:40.286555+00:00
orb,raw,A_identity,135,45,40,524,0,454.0157,False,-0.339122,0.052,synth01,2026-09-22T19:59:40.381889+00:00
orb,raw,B_affine,135,45,40,496,0,inf,False,-0.339122,0.038,synth01,2026-09-22T19:59:40.461394+00:00
orb,stretch_2_98,A_identity,135,45,40,515,0,355.9331,False,-0.339122,0.043,synth01,2026-09-22T19:59:40.556254+00:00
orb,stretch_2_98,B_affine,135,45,40,479,0,492.1465,False,-0.339122,0.090,synth01,2026-09-22T19:59:40.740869+00:00
loftr,raw,A_identity,135,45,40,539,80,7.7200,False,-0.339122,12.917,synth01,2026-09-22T19:59:53.698339+00:00
loftr,raw,B_affine,135,45,40,459,7,7.4850,False,-0.339122,10.071,synth01,2026-09-22T20:00:03.817005+00:00
loftr,stretch_2_98,A_identity,135,45,40,534,85,7.8072,False,-0.339122,7.675,synth01,2026-09-22T20:00:11.588582+00:00
loftr,stretch_2_98,B_affine,135,45,40,464,5,7.6198,False,-0.339122,6.504,synth01,2026-09-22T20:00:18.200295+00:00
superpoint-lightglue,raw,A_identity,135,45,40,305,148,1.2708,True,-0.339122,9.642,synth01,2026-09-22T20:00:27.876235+00:00
superpoint-lightglue,raw,B_affine,135,45,40,233,102,2.1767,True,-0.339122,12.695,synth01,2026-09-22T20:00:40.693860+00:00
superpoint-lightglue,stretch_2_98,A_identity,135,45,40,275,123,1.0698,True,-0.339122,12.395,synth01,2026-09-22T20:00:53.145768+00:00
superpoint-lightglue,stretch_2_98,B_affine,135,45,40,249,107,2.2752,True,-0.339122,45.127,synth01,2026-09-22T20:01:38.317745+00:00
aliked-lightglue,raw,A_identity,135,45,40,1,0,inf,False,-0.339122,37.653,synth01,2026-09-22T20:02:16.083238+00:00
aliked-lightglue,raw,B_affine,135,45,40,0,0,inf,False,-0.339122,51.909,synth01,2026-09-22T20:03:08.041916+00:00
aliked-lightglue,stretch_2_98,A_identity,135,45,40,1,0,inf,False,-0.339122,13.623,synth01,2026-09-22T20:03:21.729443+00:00
aliked-lightglue,stretch_2_98,B_affine,135,45,40,1,0,inf,False,-0.339122,55.773,synth01,2026-09-22T20:04:17.552009+00:00
minima,raw,A_identity,135,45,40,876,868,0.4206,True,-0.339122,17.838,synth01,2026-09-22T20:04:35.434150+00:00
minima,raw,B_affine,135,45,40,791,759,0.6443,True,-0.339122,12.927,synth01,2026-09-22T20:04:48.417182+00:00
minima,stretch_2_98,A_identity,135,45,40,885,873,0.3434,True,-0.339122,12.740,synth01,2026-09-22T20:05:01.209616+00:00
minima,stretch_2_98,B_affine,135,45,40,790,753,0.6804,True,-0.339122,12.843,synth01,2026-09-22T20:05:14.108837+00:00
sift,raw,A_identity,180,90,10,7,0,inf,False,-0.621754,0.182,synth01,2026-09-22T20:05:14.353275+00:00
sift,raw,B_affine,180,90,10,10,0,inf,False,-0.621754,0.087,synth01,2026-09-22T20:05:14.475203+00:00
sift,stretch_2_98,A_identity,180,90,10,5,0,inf,False,-0.621754,0.084,synth01,2026-09-22T20:05:14.601349+00:00
sift,stretch_2_98,B_affine,180,90,10,10,0,inf,False,-0.621754,0.095,synth01,2026-09-22T20:05:14.727169+00:00
orb,raw,A_identity,180,90,10,595,1,234.6986,False,-0.621754,0.133,synth01,2026-09-22T20:05:14.963361+00:00
orb,raw,B_affine,180,90,10,543,0,380.1017,False,-0.621754,0.186,synth01,2026-09-22T20:05:15.186579+00:00
orb,stretch_2_98,A_identity,180,90,10,691,0,325.1228,False,-0.621754,0.138,synth01,2026-09-22T20:05:15.373132+00:00
orb,stretch_2_98,B_affine,180,90,10,640,0,349.3390,False,-0.621754,0.117,synth01,2026-09-22T20:05:15.590049+00:00
loftr,raw,A_identity,180,90,10,513,70,8.1749,False,-0.621754,6.185,synth01,2026-09-22T20:05:21.808449+00:00
loftr,raw,B_affine,180,90,10,324,8,7.8233,False,-0.621754,6.197,synth01,2026-09-22T20:05:28.041338+00:00
loftr,stretch_2_98,A_identity,180,90,10,519,75,7.8624,False,-0.621754,5.923,synth01,2026-09-22T20:05:34.122365+00:00
loftr,stretch_2_98,B_affine,180,90,10,307,11,6.9152,False,-0.621754,5.821,synth01,2026-09-22T20:05:40.017169+00:00
superpoint-lightglue,raw,A_identity,180,90,10,371,169,2.1739,True,-0.621754,13.391,synth01,2026-09-22T20:05:53.444467+00:00
superpoint-lightglue,raw,B_affine,180,90,10,259,101,2.5225,True,-0.621754,12.997,synth01,2026-09-22T20:06:06.481546+00:00
superpoint-lightglue,stretch_2_98,A_identity,180,90,10,423,197,1.8021,True,-0.621754,12.960,synth01,2026-09-22T20:06:19.485762+00:00
superpoint-lightglue,stretch_2_98,B_affine,180,90,10,274,95,1.5990,True,-0.621754,13.694,synth01,2026-09-22T20:06:33.212474+00:00
aliked-lightglue,raw,A_identity,180,90,10,0,0,inf,False,-0.621754,8.694,synth01,2026-09-22T20:06:41.940376+00:00
aliked-lightglue,raw,B_affine,180,90,10,0,0,inf,False,-0.621754,8.811,synth01,2026-09-22T20:06:50.789227+00:00
aliked-lightglue,stretch_2_98,A_identity,180,90,10,0,0,inf,False,-0.621754,8.883,synth01,2026-09-22T20:06:59.716763+00:00
aliked-lightglue,stretch_2_98,B_affine,180,90,10,0,0,inf,False,-0.621754,8.871,synth01,2026-09-22T20:07:08.621823+00:00
minima,raw,A_identity,180,90,10,1027,966,0.3911,True,-0.621754,13.227,synth01,2026-09-22T20:07:21.883699+00:00
minima,raw,B_affine,180,90,10,947,885,0.3903,True,-0.621754,14.040,synth01,2026-09-22T20:07:35.961130+00:00
minima,stretch_2_98,A_identity,180,90,10,1042,985,0.3401,True,-0.621754,14.434,synth01,2026-09-22T20:07:50.441088+00:00
minima,stretch_2_98,B_affine,180,90,10,949,885,0.3155,True,-0.621754,14.241,synth01,2026-09-22T20:08:04.775005+00:00
sift,raw,A_identity,180,90,40,23,0,925.6772,False,-0.541795,0.098,synth01,2026-09-22T20:08:05.012421+00:00
sift,raw,B_affine,180,90,40,26,0,542.2614,False,-0.541795,0.145,synth01,2026-09-22T20:08:05.213194+00:00
sift,stretch_2_98,A_identity,180,90,40,22,0,1948.8002,False,-0.541795,0.083,synth01,2026-09-22T20:08:05.348292+00:00
sift,stretch_2_98,B_affine,180,90,40,31,0,418.6394,False,-0.541795,0.074,synth01,2026-09-22T20:08:05.465778+00:00
orb,raw,A_identity,180,90,40,532,0,inf,False,-0.541795,0.043,synth01,2026-09-22T20:08:05.550961+00:00
orb,raw,B_affine,180,90,40,494,0,537.5474,False,-0.541795,0.142,synth01,2026-09-22T20:08:05.744073+00:00
orb,stretch_2_98,A_identity,180,90,40,528,0,414.3006,False,-0.541795,0.049,synth01,2026-09-22T20:08:05.846176+00:00
orb,stretch_2_98,B_affine,180,90,40,490,0,540.7380,False,-0.541795,0.064,synth01,2026-09-22T20:08:06.022429+00:00
loftr,raw,A_identity,180,90,40,1761,263,7.2614,False,-0.541795,7.990,synth01,2026-09-22T20:08:14.057116+00:00
loftr,raw,B_affine,180,90,40,1225,37,7.2480,False,-0.541795,9.359,synth01,2026-09-22T20:08:23.474007+00:00
loftr,stretch_2_98,A_identity,180,90,40,1765,286,8.1160,False,-0.541795,9.561,synth01,2026-09-22T20:08:33.089150+00:00
loftr,stretch_2_98,B_affine,180,90,40,1207,39,7.6488,False,-0.541795,8.646,synth01,2026-09-22T20:08:41.781909+00:00
superpoint-lightglue,raw,A_identity,180,90,40,714,267,3.5482,False,-0.541795,16.333,synth01,2026-09-22T20:08:58.155165+00:00
superpoint-lightglue,raw,B_affine,180,90,40,717,219,3.8831,False,-0.541795,16.846,synth01,2026-09-22T20:09:15.046304+00:00
superpoint-lightglue,stretch_2_98,A_identity,180,90,40,746,280,3.3930,False,-0.541795,16.699,synth01,2026-09-22T20:09:31.860667+00:00
superpoint-lightglue,stretch_2_98,B_affine,180,90,40,698,201,4.0392,False,-0.541795,14.262,synth01,2026-09-22T20:09:46.211702+00:00
aliked-lightglue,raw,A_identity,180,90,40,3,0,inf,False,-0.541795,10.002,synth01,2026-09-22T20:09:56.255984+00:00
aliked-lightglue,raw,B_affine,180,90,40,4,0,inf,False,-0.541795,12.150,synth01,2026-09-22T20:10:08.514329+00:00
aliked-lightglue,stretch_2_98,A_identity,180,90,40,3,0,inf,False,-0.541795,8.102,synth01,2026-09-22T20:10:16.678273+00:00
aliked-lightglue,stretch_2_98,B_affine,180,90,40,4,0,inf,False,-0.541795,8.170,synth01,2026-09-22T20:10:24.892359+00:00
minima,raw,A_identity,180,90,40,1126,1031,1.0150,True,-0.541795,12.379,synth01,2026-09-22T20:10:37.313658+00:00
minima,raw,B_affine,180,90,40,1000,918,1.0838,True,-0.541795,23.330,synth01,2026-09-22T20:11:00.712939+00:00
minima,stretch_2_98,A_identity,180,90,40,1152,1038,1.0672,True,-0.541795,12.759,synth01,2026-09-22T20:11:13.576635+00:00
minima,stretch_2_98,B_affine,180,90,40,994,899,1.1656,True,-0.541795,11.670,synth01,2026-09-22T20:11:25.292414+00:00
