sensor_pair,sensor_a,sensor_b,scale_ratio,matcher,delta_az,abs_az,el,matches,correct,grid_err,success,ncc_cross,spectral_band_a,spectral_band_b,resample_strategy,common_gsd,size_a,size_b,runtime,timestamp
OHRC_x_TMC2,OHRC,TMC-2,16.7,sift,0,270,10,0,0,inf,False,0.093039,PAN_450_850,PAN_500_850,coarse,5.0,512,512,0.010,2026-09-29T21:35:36.523229+00:00
OHRC_x_TMC2,OHRC,TMC-2,16.7,orb,0,270,10,0,0,inf,False,0.093039,PAN_450_850,PAN_500_850,coarse,5.0,512,512,0.001,2026-09-29T21:35:36.525090+00:00
OHRC_x_TMC2,OHRC,TMC-2,16.7,sift,0,270,40,0,0,inf,False,0.045819,PAN_450_850,PAN_500_850,coarse,5.0,512,512,0.001,2026-09-29T21:35:38.351408+00:00
OHRC_x_TMC2,OHRC,TMC-2,16.7,orb,0,270,40,0,0,inf,False,0.045819,PAN_450_850,PAN_500_850,coarse,5.0,512,512,0.000,2026-09-29T21:35:38.352755+00:00
OHRC_x_TMC2,OHRC,TMC-2,16.7,sift,45,315,10,0,0,inf,False,0.115920,PAN_450_850,PAN_500_850,coarse,5.0,512,512,0.002,2026-09-29T21:35:39.913573+00:00
OHRC_x_TMC2,OHRC,TMC-2,16.7,orb,45,315,10,0,0,inf,False,0.115920,PAN_450_850,PAN_500_850,coarse,5.0,512,512,0.000,2026-09-29T21:35:39.915048+00:00
OHRC_x_TMC2,OHRC,TMC-2,16.7,sift,45,315,40,0,0,inf,False,0.059194,PAN_450_850,PAN_500_850,coarse,5.0,512,512,0.001,2026-09-29T21:35:41.464538+00:00
OHRC_x_TMC2,OHRC,TMC-2,16.7,orb,45,315,40,0,0,inf,False,0.059194,PAN_450_850,PAN_500_850,coarse,5.0,512,512,0.000,2026-09-29T21:35:41.465959+00:00
OHRC_x_TMC2,OHRC,TMC-2,16.7,sift,90,0,10,0,0,inf,False,0.130005,PAN_450_850,PAN_500_850,coarse,5.0,512,512,0.001,2026-09-29T21:35:43.291235+00:00
OHRC_x_TMC2,OHRC,TMC-2,16.7,orb,90,0,10,0,0,inf,False,0.130005,PAN_450_850,PAN_500_850,coarse,5.0,512,512,0.000,2026-09-29T21:35:43.292863+00:00
OHRC_x_TMC2,OHRC,TMC-2,16.7,sift,90,0,40,0,0,inf,False,0.078441,PAN_450_850,PAN_500_850,coarse,5.0,512,512,0.001,2026-09-29T21:35:45.079296+00:00
OHRC_x_TMC2,OHRC,TMC-2,16.7,orb,90,0,40,0,0,inf,False,0.078441,PAN_450_850,PAN_500_850,coarse,5.0,512,512,0.000,2026-09-29T21:35:45.080793+00:00
OHRC_x_TMC2,OHRC,TMC-2,16.7,sift,135,45,10,0,0,inf,False,0.120874,PAN_450_850,PAN_500_850,coarse,5.0,512,512,0.001,2026-09-29T21:35:46.627741+00:00
OHRC_x_TMC2,OHRC,TMC-2,16.7,orb,135,45,10,0,0,inf,False,0.120874,PAN_450_850,PAN_500_850,coarse,5.0,512,512,0.000,2026-09-29T21:35:46.629074+00:00
OHRC_x_TMC2,OHRC,TMC-2,16.7,sift,135,45,40,0,0,inf,False,0.084171,PAN_450_850,PAN_500_850,coarse,5.0,512,512,0.001,2026-09-29T21:35:48.151322+00:00
OHRC_x_TMC2,OHRC,TMC-2,16.7,orb,135,45,40,0,0,inf,False,0.084171,PAN_450_850,PAN_500_850,coarse,5.0,512,512,0.000,2026-09-29T21:35:48.153662+00:00
OHRC_x_TMC2,OHRC,TMC-2,16.7,sift,180,90,10,0,0,inf,False,0.147257,PAN_450_850,PAN_500_850,coarse,5.0,512,512,0.001,2026-09-29T21:35:49.932546+00:00
OHRC_x_TMC2,OHRC,TMC-2,16.7,orb,180,90,10,0,0,inf,False,0.147257,PAN_450_850,PAN_500_850,coarse,5.0,512,512,0.000,2026-09-29T21:35:49.934526+00:00
OHRC_x_TMC2,OHRC,TMC-2,16.7,sift,180,90,40,0,0,inf,False,0.084507,PAN_450_850,PAN_500_850,coarse,5.0,512,512,0.001,2026-09-29T21:35:51.769186+00:00
OHRC_x_TMC2,OHRC,TMC-2,16.7,orb,180,90,40,0,0,inf,False,0.084507,PAN_450_850,PAN_500_850,coarse,5.0,512,512,0.000,2026-09-29T21:35:51.770677+00:00
TMC2_x_IIRS,TMC-2,IIRS,16.0,sift,0,270,10,0,0,inf,False,-0.047590,PAN_500_850,VNIR_800_2500,coarse,80.0,512,32,0.001,2026-09-29T21:35:52.753567+00:00
TMC2_x_IIRS,TMC-2,IIRS,16.0,orb,0,270,10,0,0,inf,False,-0.047590,PAN_500_850,VNIR_800_2500,coarse,80.0,512,32,0.000,2026-09-29T21:35:52.755226+00:00
TMC2_x_IIRS,TMC-2,IIRS,16.0,sift,0,270,40,0,0,inf,False,-0.004741,PAN_500_850,VNIR_800_2500,coarse,80.0,512,32,0.001,2026-09-29T21:35:53.719658+00:00
TMC2_x_IIRS,TMC-2,IIRS,16.0,orb,0,270,40,0,0,inf,False,-0.004741,PAN_500_850,VNIR_800_2500,coarse,80.0,512,32,0.000,2026-09-29T21:35:53.721104+00:00
TMC2_x_IIRS,TMC-2,IIRS,16.0,sift,45,315,10,0,0,inf,False,0.006755,PAN_500_850,VNIR_800_2500,coarse,80.0,512,32,0.001,2026-09-29T21:35:54.640967+00:00
TMC2_x_IIRS,TMC-2,IIRS,16.0,orb,45,315,10,0,0,inf,False,0.006755,PAN_500_850,VNIR_800_2500,coarse,80.0,512,32,0.000,2026-09-29T21:35:54.642540+00:00
TMC2_x_IIRS,TMC-2,IIRS,16.0,sift,45,315,40,0,0,inf,False,0.017756,PAN_500_850,VNIR_800_2500,coarse,80.0,512,32,0.001,2026-09-29T21:35:55.594258+00:00
TMC2_x_IIRS,TMC-2,IIRS,16.0,orb,45,315,40,0,0,inf,False,0.017756,PAN_500_850,VNIR_800_2500,coarse,80.0,512,32,0.000,2026-09-29T21:35:55.596691+00:00
TMC2_x_IIRS,TMC-2,IIRS,16.0,sift,90,0,10,0,0,inf,False,0.036222,PAN_500_850,VNIR_800_2500,coarse,80.0,512,32,0.001,2026-09-29T21:35:56.580095+00:00
TMC2_x_IIRS,TMC-2,IIRS,16.0,orb,90,0,10,0,0,inf,False,0.036222,PAN_500_850,VNIR_800_2500,coarse,80.0,512,32,0.000,2026-09-29T21:35:56.581923+00:00
TMC2_x_IIRS,TMC-2,IIRS,16.0,sift,90,0,40,0,0,inf,False,0.027049,PAN_500_850,VNIR_800_2500,coarse,80.0,512,32,0.001,2026-09-29T21:35:57.500054+00:00
TMC2_x_IIRS,TMC-2,IIRS,16.0,orb,90,0,40,0,0,inf,False,0.027049,PAN_500_850,VNIR_800_2500,coarse,80.0,512,32,0.000,2026-09-29T21:35:57.501655+00:00
TMC2_x_IIRS,TMC-2,IIRS,16.0,sift,135,45,10,0,0,inf,False,0.004993,PAN_500_850,VNIR_800_2500,coarse,80.0,512,32,0.001,2026-09-29T21:35:58.421732+00:00
TMC2_x_IIRS,TMC-2,IIRS,16.0,orb,135,45,10,0,0,inf,False,0.004993,PAN_500_850,VNIR_800_2500,coarse,80.0,512,32,0.000,2026-09-29T21:35:58.423242+00:00
TMC2_x_IIRS,TMC-2,IIRS,16.0,sift,135,45,40,0,0,inf,False,0.056748,PAN_500_850,VNIR_800_2500,coarse,80.0,512,32,0.001,2026-09-29T21:35:59.362609+00:00
TMC2_x_IIRS,TMC-2,IIRS,16.0,orb,135,45,40,0,0,inf,False,0.056748,PAN_500_850,VNIR_800_2500,coarse,80.0,512,32,0.000,2026-09-29T21:35:59.364182+00:00
TMC2_x_IIRS,TMC-2,IIRS,16.0,sift,180,90,10,0,0,inf,False,0.016340,PAN_500_850,VNIR_800_2500,coarse,80.0,512,32,0.001,2026-09-29T21:36:00.332430+00:00
TMC2_x_IIRS,TMC-2,IIRS,16.0,orb,180,90,10,0,0,inf,False,0.016340,PAN_500_850,VNIR_800_2500,coarse,80.0,512,32,0.000,2026-09-29T21:36:00.333841+00:00
TMC2_x_IIRS,TMC-2,IIRS,16.0,sift,180,90,40,0,0,inf,False,0.061074,PAN_500_850,VNIR_800_2500,coarse,80.0,512,32,0.001,2026-09-29T21:36:01.255934+00:00
TMC2_x_IIRS,TMC-2,IIRS,16.0,orb,180,90,40,0,0,inf,False,0.061074,PAN_500_850,VNIR_800_2500,coarse,80.0,512,32,0.000,2026-09-29T21:36:01.257390+00:00
OHRC_x_IIRS,OHRC,IIRS,266.7,sift,0,270,10,0,0,inf,False,-0.029021,PAN_450_850,VNIR_800_2500,coarse,80.0,512,32,0.000,2026-09-29T21:36:02.196565+00:00
OHRC_x_IIRS,OHRC,IIRS,266.7,orb,0,270,10,0,0,inf,False,-0.029021,PAN_450_850,VNIR_800_2500,coarse,80.0,512,32,0.000,2026-09-29T21:36:02.197151+00:00
OHRC_x_IIRS,OHRC,IIRS,266.7,sift,0,270,40,0,0,inf,False,0.034325,PAN_450_850,VNIR_800_2500,coarse,80.0,512,32,0.000,2026-09-29T21:36:03.122989+00:00
OHRC_x_IIRS,OHRC,IIRS,266.7,orb,0,270,40,0,0,inf,False,0.034325,PAN_450_850,VNIR_800_2500,coarse,80.0,512,32,0.000,2026-09-29T21:36:03.123392+00:00
OHRC_x_IIRS,OHRC,IIRS,266.7,sift,45,315,10,0,0,inf,False,0.030391,PAN_450_850,VNIR_800_2500,coarse,80.0,512,32,0.000,2026-09-29T21:36:04.062598+00:00
OHRC_x_IIRS,OHRC,IIRS,266.7,orb,45,315,10,0,0,inf,False,0.030391,PAN_450_850,VNIR_800_2500,coarse,80.0,512,32,0.000,2026-09-29T21:36:04.063100+00:00
OHRC_x_IIRS,OHRC,IIRS,266.7,sift,45,315,40,0,0,inf,False,0.022616,PAN_450_850,VNIR_800_2500,coarse,80.0,512,32,0.000,2026-09-29T21:36:05.022014+00:00
OHRC_x_IIRS,OHRC,IIRS,266.7,orb,45,315,40,0,0,inf,False,0.022616,PAN_450_850,VNIR_800_2500,coarse,80.0,512,32,0.000,2026-09-29T21:36:05.022418+00:00
OHRC_x_IIRS,OHRC,IIRS,266.7,sift,90,0,10,0,0,inf,False,0.022656,PAN_450_850,VNIR_800_2500,coarse,80.0,512,32,0.000,2026-09-29T21:36:05.920071+00:00
OHRC_x_IIRS,OHRC,IIRS,266.7,orb,90,0,10,0,0,inf,False,0.022656,PAN_450_850,VNIR_800_2500,coarse,80.0,512,32,0.000,2026-09-29T21:36:05.920565+00:00
OHRC_x_IIRS,OHRC,IIRS,266.7,sift,90,0,40,0,0,inf,False,0.020282,PAN_450_850,VNIR_800_2500,coarse,80.0,512,32,0.000,2026-09-29T21:36:06.822896+00:00
OHRC_x_IIRS,OHRC,IIRS,266.7,orb,90,0,40,0,0,inf,False,0.020282,PAN_450_850,VNIR_800_2500,coarse,80.0,512,32,0.000,2026-09-29T21:36:06.824973+00:00
OHRC_x_IIRS,OHRC,IIRS,266.7,sift,135,45,10,0,0,inf,False,-0.014908,PAN_450_850,VNIR_800_2500,coarse,80.0,512,32,0.000,2026-09-29T21:36:07.758887+00:00
OHRC_x_IIRS,OHRC,IIRS,266.7,orb,135,45,10,0,0,inf,False,-0.014908,PAN_450_850,VNIR_800_2500,coarse,80.0,512,32,0.000,2026-09-29T21:36:07.759301+00:00
OHRC_x_IIRS,OHRC,IIRS,266.7,sift,135,45,40,0,0,inf,False,0.022294,PAN_450_850,VNIR_800_2500,coarse,80.0,512,32,0.000,2026-09-29T21:36:08.663904+00:00
OHRC_x_IIRS,OHRC,IIRS,266.7,orb,135,45,40,0,0,inf,False,0.022294,PAN_450_850,VNIR_800_2500,coarse,80.0,512,32,0.000,2026-09-29T21:36:08.664467+00:00
OHRC_x_IIRS,OHRC,IIRS,266.7,sift,180,90,10,0,0,inf,False,0.001766,PAN_450_850,VNIR_800_2500,coarse,80.0,512,32,0.000,2026-09-29T21:36:09.578719+00:00
OHRC_x_IIRS,OHRC,IIRS,266.7,orb,180,90,10,0,0,inf,False,0.001766,PAN_450_850,VNIR_800_2500,coarse,80.0,512,32,0.000,2026-09-29T21:36:09.579268+00:00
OHRC_x_IIRS,OHRC,IIRS,266.7,sift,180,90,40,0,0,inf,False,0.022525,PAN_450_850,VNIR_800_2500,coarse,80.0,512,32,0.000,2026-09-29T21:36:10.539078+00:00
OHRC_x_IIRS,OHRC,IIRS,266.7,orb,180,90,40,0,0,inf,False,0.022525,PAN_450_850,VNIR_800_2500,coarse,80.0,512,32,0.000,2026-09-29T21:36:10.539782+00:00
