sensor_pair,scale_ratio,delta_az,el,matcher,trust,adj_rate,penalty
OHRC_x_TMC2,16.7,0,10,minima,AMBER,0.6000,16.7
OHRC_x_TMC2,16.7,0,40,minima,RED,0.0000,16.7
OHRC_x_TMC2,16.7,45,10,minima,AMBER,0.6000,16.7
OHRC_x_TMC2,16.7,45,40,minima,RED,0.0000,16.7
OHRC_x_TMC2,16.7,90,10,minima,AMBER,0.6000,16.7
OHRC_x_TMC2,16.7,90,40,minima,RED,0.0000,16.7
OHRC_x_TMC2,16.7,135,10,minima,AMBER,0.6000,16.7
OHRC_x_TMC2,16.7,135,40,minima,RED,0.0000,16.7
OHRC_x_TMC2,16.7,180,10,minima,AMBER,0.6000,16.7
OHRC_x_TMC2,16.7,180,40,minima,RED,0.0000,16.7
TMC2_x_IIRS,16.0,0,10,minima,AMBER,0.6000,16.0
TMC2_x_IIRS,16.0,0,40,minima,RED,0.0000,16.0
TMC2_x_IIRS,16.0,45,10,minima,AMBER,0.6000,16.0
TMC2_x_IIRS,16.0,45,40,minima,RED,0.0000,16.0
TMC2_x_IIRS,16.0,90,10,minima,AMBER,0.6000,16.0
TMC2_x_IIRS,16.0,90,40,minima,RED,0.0000,16.0
TMC2_x_IIRS,16.0,135,10,minima,AMBER,0.6000,16.0
TMC2_x_IIRS,16.0,135,40,minima,RED,0.0000,16.0
TMC2_x_IIRS,16.0,180,10,minima,AMBER,0.6000,16.0
TMC2_x_IIRS,16.0,180,40,minima,RED,0.0000,16.0
OHRC_x_IIRS,266.7,0,10,minima,RED,0.1000,266.7
OHRC_x_IIRS,266.7,0,40,minima,RED,0.0000,266.7
OHRC_x_IIRS,266.7,45,10,minima,RED,0.1000,266.7
OHRC_x_IIRS,266.7,45,40,minima,RED,0.0000,266.7
OHRC_x_IIRS,266.7,90,10,minima,RED,0.1000,266.7
OHRC_x_IIRS,266.7,90,40,minima,RED,0.0000,266.7
OHRC_x_IIRS,266.7,135,10,minima,RED,0.1000,266.7
OHRC_x_IIRS,266.7,135,40,minima,RED,0.0000,266.7
OHRC_x_IIRS,266.7,180,10,minima,RED,0.1000,266.7
OHRC_x_IIRS,266.7,180,40,minima,RED,0.0000,266.7
